{"cameraMode":{"drawMode":0,"name":"Shaded","section":"Shading Mode"},"sceneLighting":false,"audioPlay":false,"sceneViewState":{"showFog":true,"showMaterialUpdate":false,"showSkybox":false,"showFlares":true,"showImageEffects":true,"showParticleSystems":true},"in2DMode":false,"pivot":{"x":-0.09897865355014801,"y":-0.1441638171672821,"z":0.00279861968010664},"rotation":{"x":0.16619396209716798,"y":0.3658439815044403,"z":-0.06656847149133682,"w":0.9132943153381348},"size":1.220352053642273,"orthographic":true}