{"cameraMode":{"drawMode":0,"name":"Shaded","section":"Shading Mode"},"sceneLighting":false,"audioPlay":false,"sceneViewState":{"showFog":true,"showMaterialUpdate":false,"showSkybox":false,"showFlares":true,"showImageEffects":true,"showParticleSystems":true},"in2DMode":false,"pivot":{"x":-0.12217140197753906,"y":1.565961241722107,"z":0.0},"rotation":{"x":0.09607978910207749,"y":0.39731696248054507,"z":-0.04187164455652237,"w":0.9116768836975098},"size":43.21424865722656,"orthographic":false}