{"cameraMode":{"drawMode":0,"name":"Shaded","section":"Shading Mode"},"sceneLighting":false,"audioPlay":false,"sceneViewState":{"showFog":true,"showMaterialUpdate":false,"showSkybox":false,"showFlares":true,"showImageEffects":true,"showParticleSystems":true},"in2DMode":false,"pivot":{"x":-0.12217140197753906,"y":1.565961241722107,"z":0.0},"rotation":{"x":0.04185815900564194,"y":0.2708093225955963,"z":-0.011787662282586098,"w":0.9616503119468689},"size":70.00032043457031,"orthographic":false}