{"cameraMode":{"drawMode":0,"name":"Shaded","section":"Shading Mode"},"sceneLighting":false,"audioPlay":false,"sceneViewState":{"showFog":true,"showMaterialUpdate":false,"showSkybox":false,"showFlares":true,"showImageEffects":true,"showParticleSystems":true},"in2DMode":false,"pivot":{"x":1.9134844541549683,"y":1.4473483562469483,"z":0.46358031034469607},"rotation":{"x":0.07323452085256577,"y":0.07323355227708817,"z":-0.005402820650488138,"w":0.9946076273918152},"size":22.0,"orthographic":false}