{"cameraMode":{"drawMode":0,"name":"Shaded","section":"Shading Mode"},"sceneLighting":true,"audioPlay":false,"sceneViewState":{"showFog":true,"showMaterialUpdate":false,"showSkybox":true,"showFlares":true,"showImageEffects":true,"showParticleSystems":true},"in2DMode":false,"pivot":{"x":-0.6514238119125366,"y":2.5456979274749758,"z":2.1141302585601808},"rotation":{"x":0.23908130824565888,"y":0.21148256957530976,"z":-0.053438667207956317,"w":0.94618159532547},"size":2.358895778656006,"orthographic":false}