{"cameraMode":{"drawMode":0,"name":"Shaded","section":"Shading Mode"},"sceneLighting":false,"audioPlay":false,"sceneViewState":{"showFog":true,"showMaterialUpdate":false,"showSkybox":false,"showFlares":true,"showImageEffects":true,"showParticleSystems":true},"in2DMode":false,"pivot":{"x":0.8323971033096314,"y":0.3919016718864441,"z":0.0},"rotation":{"x":0.15380245447158814,"y":0.03260083124041557,"z":-0.005077323876321316,"w":0.987550675868988},"size":2.334796667098999,"orthographic":true}