{"cameraMode":{"drawMode":0,"name":"Shaded","section":"Shading Mode"},"sceneLighting":false,"audioPlay":false,"sceneViewState":{"showFog":true,"showMaterialUpdate":false,"showSkybox":false,"showFlares":true,"showImageEffects":true,"showParticleSystems":true},"in2DMode":false,"pivot":{"x":1.0339999198913575,"y":1.0099999904632569,"z":0.046000003814697269},"rotation":{"x":0.31633806228637698,"y":0.5627729296684265,"z":-0.24627558887004853,"w":0.7228868007659912},"size":17.12160301208496,"orthographic":false}